"Y","X1","X2","X3"
11.0147891832978,2.31756803958902,1.47056372262472,2.14394510259657
9.06621097382003,-0.736367743632287,2.49640980808043,1.34179692983092
2.74646620744758,-2.11474870163805,1.79844936849379,0.223364665740299
-12.1665993115698,-9.84841384008407,-0.207934902173836,-0.272028400731396
5.14432151371493,-1.42794989793311,2.42174181930483,0.366650349954535
6.1363486076224,0.0766635802160999,2.17529489715289,0.672816025625512
-11.450628371864,-8.79114701560587,0.691414989851667,-1.67205886321357
-0.586197064286103,-4.91328235592122,1.67065591819434,-0.0159738172936639
-2.24690089394884,-5.0123606917765,1.14057300460456,-0.2625986974232
7.01857590383454,-1.89478752833336,2.401015796186,0.895776300886395
8.08269128607945,-0.614040478113125,2.62610783996,1.00368267293865
9.86551208927691,-0.242215515372426,1.80848784035948,1.93288025074772
24.8640138490328,9.5082233966192,1.61932105112767,3.26720616958422
12.2231625176224,2.04933025367538,2.96089244792204,1.49896081382024
9.10190810335912,2.61037730315451,1.80835124744574,0.821212180849909
-9.34164479031965,-7.96927640557764,0.767238976303357,-0.845829512518223
8.76861611626303,0.649522489273176,2.02229897012944,1.73873414605775
-0.709945624699869,-1.62887142210604,0.0430598526118016,0.729954122196861
0.940923512457365,-4.51094159574772,0.923922514979743,0.800437012670278
13.4905266268156,2.82398679532494,2.30624941592212,2.18021722821396
9.87436901431526,1.97622452467533,2.09358411448726,1.53167242944995
5.71120264793859,0.572490509305668,1.71102416740639,0.486782503823977
5.30470927932877,0.0483435710178317,1.85942879649187,0.51466297068808
5.51191494339256,-0.735087616583258,1.55289749947696,0.871250115370809
6.83764775290938,1.65859596176781,1.60308931565126,1.38281408006377
11.1512330038363,1.79538600393132,4.00785273623651,0.740044952727993
-7.55842944485876,-8.93223458990023,1.66832168791409,-0.833146043804594
35.8542525524676,14.8662347682838,2.39025881601607,5.00659785969122
17.8133911358096,1.29004975785501,5.24687144978392,1.47060973883029
-9.73289855531987,-7.38087582047115,0.953183402669239,-1.12195387938948
-24.0908343571456,-16.2284546603368,0.814450581256666,-2.97122601538803
-6.79427122425235,-5.70105757259506,1.54952947475713,-0.814717090005232
21.023423629916,7.72558704383953,1.54621322684525,3.11584992185975
-2.94232691685256,-7.03201126409084,1.80742888399198,0.0271039836120999
-5.90639982668375,-10.6094659336363,3.08688922476223,-0.960624270829354
17.6637004218978,6.20148289324485,2.0175376176448,2.59105228727609
1.56310422495812,-2.20915219950075,2.27591125102192,-0.388138112282489
10.7245764842881,1.13080824802519,2.09316636646235,0.953490960868072
-3.82082922542138,-4.95239366575154,1.62238713623325,-1.11880510086307
-3.78902907288769,-5.81316855724195,0.83970642718351,0.113766344643928
4.00627394424046,-4.78858782669024,3.06479140685595,0.53649112657935
-4.71302207248392,-5.80626622929936,0.568152079107349,-0.400563351061539
-3.41391317059633,-6.83228782280437,2.76977754883827,-0.530805754562326
8.50936444914024,1.62677049475936,1.80285921835074,0.932357181699389
11.3666690757098,3.68976199496333,1.72303226050706,1.80886133994431
7.78316451544143,0.56460900880013,0.8802656608456,1.35990612392779
10.7343969482322,1.89207596351284,2.36715787579175,1.55003561919089
12.3776277453631,3.22894994454649,2.01363755240445,1.7221500153204
21.7681013456902,10.5278390703332,1.85458116105835,2.29233921877204
24.3699819274472,9.99421648934068,2.47262759925684,3.32796408594413
14.3415467912666,2.02283608027919,2.43633358646763,2.03605386588095
20.0173153682605,8.41726596567941,0.295471320851963,3.23112301825222
10.449533098207,3.0281934998596,1.98307923569886,0.822730281585093
12.2813399579434,2.13945341464482,2.40423788798748,1.66624983102809
9.62197919311651,0.256592539900126,2.92801379894745,0.716018451528787
2.31999937635099,-3.50243191625881,2.58918243083045,0.626071148557948
15.6784620191584,4.72228966595396,2.56484324913443,1.95633581496044
21.1364078743168,8.25685054353904,2.54753080914372,2.4091902406857
5.78868403642223,0.0363877879573349,1.6910094903779,0.689509899966054
3.24775447384756,-1.45131220952253,2.37390533436954,0.235346369303839
8.93205191577774,1.06641370600204,0.116718931304504,2.42081540623155
12.5614236072094,5.80686124480252,1.71162854152431,1.50493741595147
13.4033184034436,2.65446666359866,2.34018747104453,1.92372811245714
15.4861029083492,4.73597862690815,2.70730192955755,2.15237073296892
22.3639649139572,6.47148736037805,4.7085901264346,2.06324361536515
1.78750984513824,-2.86532578010498,2.61535543734701,-0.165056768490278
1.60014558068433,-0.551937547541929,0.975280611293186,0.0158873542602382
1.00686680611996,-4.36155871171778,2.71576633218847,-0.151357473807357
-3.39928545314362,-1.985549665002,0.550554998128228,-1.34695463699578
20.0627994689577,7.91476975903926,1.76850835328925,3.24938830500355
16.0759017156732,4.59514644286694,2.47001943246606,1.73257958826016
12.2816464061442,2.80158697381494,1.82915836564792,1.85450891206883
3.98000139588158,-2.70052880420013,1.90693283500527,0.758655633375996
10.6535278277119,1.38304811451081,2.6460837852025,1.63070359624184
4.14548583812,-2.67836235264556,3.49497288427182,-0.016573103082985
9.93101538859481,3.16519113737253,1.51211176658291,0.869370747394702
3.29109038950413,-3.77209848908135,2.38895601243219,-0.17678099170855
7.0562640262978,-0.968121870249455,2.41294149791862,0.522266976893746
14.2122363201145,3.69060892272559,3.56390779409346,1.0105405840378
12.8138753061592,2.20650774763334,2.75096638662878,1.63769878894378
-1.99743463121933,-7.50950253779795,4.22730976897864,-1.34584213011708
-0.0118369887444492,-4.10070961159252,2.22365386979547,-0.00268934754293704
12.0224136496822,2.96440837650071,1.25717892185204,2.10799891463566
-0.0590000238380277,-2.5674138429043,1.06530499357049,0.0518595508228503
-1.84560081101517,-5.82884483536846,2.27715793460579,-0.156262758733455
15.9292132199204,5.46443784468789,1.86052010943733,2.38954082515723
8.77794139643441,1.43856391732117,1.90423507942778,0.926586310937462
-6.99033013934921,-7.10113006507757,1.74106273708118,-1.05916347027723
-0.827562855648613,-3.00134219092479,1.34438021324426,0.339822945570579
10.542390133842,3.5937149452188,1.2759575842345,1.96023421101094
20.43619742,8.79912018064447,2.40878980729359,2.15384064410431
12.3908912962632,2.86715749371865,1.81536909532004,1.86476010045616
-2.04648078288171,-8.17811365902751,2.80535397053972,-0.553248400835096
9.6055835048702,1.68798195890558,3.06430711162173,0.34670915616225
13.5452190001463,2.06164065956606,1.90070895171708,2.5560016353798
-6.45928245203071,-6.94685473503331,0.762724380370887,-0.511568912475784
20.5998314000389,6.70937855059427,2.55861068193107,2.71892814235861
12.3156992204289,-0.158966148927172,3.93004651170511,1.22828127032576
-1.06834379995766,-3.57836778824997,0.950775547876109,0.242598387696792
1.69326236329858,-5.35528673906533,3.40937506197002,0.196487224863121
17.0125266099132,3.80096314321845,2.65658244680051,2.28701722883716
-0.207220289792756,-4.26110758808912,1.26052893886196,0.901927842720232
22.8626191529022,4.54431530727538,3.47316772922284,3.30402908543436
10.943963017317,1.98211139327146,1.40769600550954,1.96822618008668
3.41025380412477,-2.33456672792964,1.30739763984454,1.12110495390517
9.20277397138986,-1.65882867239745,2.69516571922171,2.27019341846197
-5.86150628499849,-6.40557746871434,1.98693741196221,-1.16075808218817
6.09306237323794,2.01707967514033,0.988102649913781,0.89291217426236
22.7888309786401,9.45195383464086,2.22156604200173,3.5301491744759
5.11279594178075,-1.57589192493742,1.90424058507628,0.745327751367519
20.8889155711793,5.93442290334264,3.35449318358026,2.28485122496054
15.4523033624059,5.03693765124654,2.34057505174244,2.07380782503909
9.78355494247568,0.0884288980464431,2.84937980300419,1.19586044701784
16.5267560736248,6.39651106992662,1.72638062179589,2.12607546724868
-15.5808976185341,-11.3550602512919,0.966996442106286,-1.73196578633966
10.2090825729708,-0.108075907127888,3.2599648480119,1.26784889377401
0.149551714189615,-5.45309679415799,2.29341316404555,0.41188109093601
3.9162879678474,-4.68708432341828,1.55635401780663,1.30704612605536
17.7161071414806,5.05019332917353,1.53147532800597,2.48203724370332
11.6167111085224,2.62121850660468,1.91326461739381,1.94132337944057
12.483492326355,3.57493367637023,1.98716603845281,1.86621489524196
22.7780309572364,11.01845785984,1.10750847524879,3.03519460953519
4.02796939444422,-4.18443552782945,2.98676122494951,0.56110336379369
13.3145438007402,1.89317717316309,2.70129900632294,1.662193562518
27.6956905075926,9.7307735120041,2.01708233163431,4.21152810829366
-7.23670647632179,-5.93085107127445,1.94256447482304,-1.25202083225836
17.899347823034,6.1797637393592,2.17948148277858,2.12060875480335
10.8278631318623,2.97592921381032,0.635971493933378,1.98677694914628
4.55346103285672,0.0957852523520237,1.09381821298641,0.563703027591562
8.75868455966389,1.2814380080171,1.55526709284828,1.29300431197491
26.0202385911686,12.3368064814715,2.03818526246681,3.39746807114446
17.8900052641318,4.40766679340958,3.77728026195848,1.44827191069748
-6.92937679826874,-7.44816740494882,1.62980268059185,-0.359601824948384
3.41491378115072,-0.421299456472577,0.974242502018146,0.915549831855367
3.99001675302298,0.583263251639486,1.46497634701292,0.457084767145147
-4.22565648343311,-5.48439429046787,1.26364292913699,-0.816338164525506
-21.9189712639253,-16.3355048719909,1.39188619614823,-2.47513236096375
-0.242484178288072,-2.1425720635552,-0.073319154954667,0.631326759465169
6.82308963602515,1.35615836350467,1.61721112243176,0.859719775244739
0.139159966707371,-3.61476170948886,2.36459045389422,-0.131005853549491
15.0253647741631,4.34679081239535,1.81531917125876,2.50291182915436
13.2935447687162,2.82974015776875,3.01103155401883,1.43604966068993
1.66127968805551,-3.52994946826052,2.60107752485504,-0.0406859702648426
15.8634825457829,3.01582601933932,3.33609539016147,2.18886018558797
8.26855391202194,3.19562311869704,0.75736498034212,1.05384378855536
11.9676616291307,1.44122253541922,2.47679975257371,2.05608078507007
22.7507765123384,8.53759262929696,3.23394965560922,2.61382435902936
-1.03263806821771,-3.677307164041,1.67569851375381,-0.597828106002631
11.4802986221862,1.49389559985884,1.7104722330539,2.49980825340596
3.76102470236919,2.2300166214905,0.461283727767519,0.611767808247274
4.80201168509317,-1.63556097602673,2.0418285303284,-0.0124989401251265
-1.76961562862091,-8.40457234850776,3.0526735174042,-0.334867553807818
-3.59148252725408,-4.35119516404574,0.6381049518886,-0.534651205288935
7.95363989383694,1.02857379218432,2.13735857139766,1.23491009959983
-15.69805134608,-13.617690822722,1.98992680397339,-2.38175681318166
2.94136177762227,-0.815397482399794,0.232167810361511,0.627759066652481
2.18674502630982,-2.30974467237931,2.02791551730987,0.391329910886027
9.68447995240376,2.88210977012811,1.0888192275209,2.0080881437489
-0.666016212073878,-5.53508287809454,2.08209521579931,-0.00742193060241103
6.45017293667167,1.94630029928432,2.39914638177649,0.779122780390097
10.8479938726035,1.65231157725074,2.74385462456578,1.2812630440755
2.64056954294451,-3.02113870602974,2.57769830801645,-0.0329895152741642
16.4978470363004,5.62936675830439,1.49469073918375,2.7495425748801
10.1580486773436,4.22666899466948,0.628059763747219,1.77100371580017
12.5069715800739,3.23030602867706,1.72976349425596,2.19798978190614
13.3115838732221,2.12269018756868,2.96099730510391,1.56823011006343
14.9676981522091,3.17342823953924,2.71969202313194,2.01580430555562
19.3965146743324,5.85321293346094,2.20684469630971,3.03403591413142
17.4138523773471,7.61835563640252,2.10253469046496,2.21600280205449
6.45435119335326,-2.57688464216332,2.04086572568714,1.44383997662644
1.83006821092457,1.4051934966232,0.720693408055052,-0.273085019331971
10.2798610376075,0.746241263138572,2.42252159748874,1.0950422475887
5.63398619443322,-1.14301253282916,2.32777068016492,1.2140759373452
5.63503429001702,0.994358285632395,0.734903820494024,1.01067631766135
-3.31650833790113,-6.27737397194586,2.29057319838805,-0.358463229899309
6.31439468862439,0.0729790192136044,1.44604053389751,1.08420185232715
9.89006766863219,2.48595470536618,2.22017351664626,1.12207096910039
4.28972289732034,-0.972359194809711,2.76787184442941,-0.023422858999677
13.4600649605078,3.90195374911834,2.17051817296717,1.53035869065131
1.85634534463484,-2.91419804629844,1.90946106562955,0.179007573234498
-9.25219439837428,-7.80559716708459,0.844305317380365,-1.47185580334143
9.84956463201445,-0.0410925397746266,2.58305274760843,1.09742817916071
0.118369360957051,-3.56976646663123,1.46319887922218,-0.0107924663183507
8.83276557156019,-0.545347834183479,2.59376876637084,1.17809241804792
-1.62529766286037,-6.3544566056476,1.34140158606965,0.425292308816955
4.93464449966908,-1.48223584952761,1.6539180584224,0.618429421744446
10.0761543226452,1.87855743761478,2.37000692685836,0.936487464895554
2.25650618016989,-2.99389651597771,1.6101240754193,0.368220655893207
-7.41094244486743,-10.6182875970623,2.90759200662167,-1.32870476071778
13.1402077229185,3.60716161310922,2.48822100376029,1.86261465619379
16.4931404157408,6.09426337586139,1.30528842232659,2.74451811636137
21.7794634358395,6.55562834640771,2.3036456429848,3.67780287415134
4.75936947867935,-2.97271360820346,2.05651028112218,0.879921633514595
3.22425829618705,-1.03624765589334,1.75880906387605,0.499962330088612
0.998744469983543,-4.02066623835771,2.18972244867169,0.454255182344619
-0.891518777373793,-3.29410721062307,1.22399826980131,-0.535634991308613
-1.76538440029686,-4.13421326632661,1.45844742014099,0.263325318886814
6.4982983214214,-1.61398286334364,2.45299453099256,0.73770098759465
7.15271355082516,-0.793393886265664,1.78746702436467,1.12338695610266
0.758738698082773,-2.89326030947122,2.52930289037533,-0.377774496640556
10.2162787213965,0.300217567110576,2.2915283382349,2.05503776046704
6.26624871090493,-1.02093149290157,1.04833113793795,1.84577226095291
10.7893031369698,2.6453790419601,1.91682204619066,0.767898980101308
-8.71623852855734,-10.5873542444645,1.48101045857035,-1.23166741983735
6.27128751357928,-2.23516045777092,1.70492590639981,1.80918588970158
21.0549355370625,4.44809398156841,3.93923356701014,3.01455086542937
4.17860273839224,0.378296296951872,1.9434868225511,0.639953360879044
-4.36568187929217,-4.61724269836974,1.6111936476143,-0.622683337132854
17.8805225061227,4.99984385826103,2.45458163921186,2.60978983222837
2.59072402831116,-1.28071773794371,2.20423353711703,-0.293396385614661
1.30823003637747,-3.02783772054004,1.74677398209711,0.552769776442993
21.7567754020828,9.58113324968966,1.02250154029965,4.05373854659234
10.4397445118373,1.36118755014142,2.67270568386209,1.10435386674843
20.3511227479922,8.43875535054087,2.35475054310629,2.81263954743559
6.86087494127614,-0.366447677398022,2.20802754318813,1.02169337860674
25.8491539509508,9.48750617084635,2.18662985397801,4.06111884783564
13.9857405195005,3.06740680675015,2.48756054229821,1.8604865287357
16.2381915799295,6.19899087888044,2.06562141016871,2.05468815163922
6.63999856283584,-0.713161786709111,0.648058451154035,1.57842784913673
7.2459710686979,0.308583362750792,2.47662140998792,0.946041778466288
12.165751769139,2.34632988201704,2.18598768003786,2.02028324623236
11.3296152597595,-0.101773181550671,3.08622556765646,1.74007278072954
6.37580933760383,-1.49870433571275,2.52501461860998,0.288630463011998
-8.22523782261635,-7.90196424317745,1.26117024011057,-0.51008287858915
6.18656867826053,-1.92575568748049,3.2062636257835,1.00633698479473
10.235062757426,1.24778078106422,1.56376966236424,1.7751407074445
10.387697576131,-0.741995489880434,3.07241902964315,1.68484396375387
2.76319842621029,-4.2915441989366,1.6104291765716,0.675046757087511
0.656800430925958,-2.88672647688328,1.10249957470086,0.645297245503916
5.25057623673348,-1.28190065239319,2.24644929763175,0.588350948671443
14.3072134025488,4.12972536413951,0.8655562093379,2.84016712665771
11.4259671599064,4.02462481155296,1.36765025591293,1.85814236285046
6.21169289849645,1.04050060882009,0.796758542429725,1.53179557740801
27.1394828021921,12.0560213901087,1.78439777677299,3.34261058207838
8.07898813119143,2.42296236512181,2.29098812924666,0.537648237813886
9.19152472070838,-0.483536249602698,2.49653595771233,1.18460638647503
9.99123061295877,1.17323954626258,2.17479513328659,1.03510062272137
9.69129348145007,3.0513067594696,1.60313612733083,1.10185610194892
13.6352706300015,2.74879771032662,1.7825781663525,1.94730955900469
16.8891096103214,5.47177199707946,1.68684037638807,2.71032759444723
12.9897576870529,4.80335645468726,1.83349585535741,2.09783492721781
1.9210554257631,-0.525735515827695,1.18641128334311,0.52849916773477
24.5190540682464,9.19459741096786,2.32163029782704,3.29815187571135
11.1447424702848,3.40674490915287,0.605678233121891,1.73759270853917
11.2868810216518,2.44807848782349,1.78776058136034,1.969303574353
6.93436962109857,-0.256990213385756,1.63911199390981,1.31567527919056
6.49053217943571,-0.415446628270429,2.0271121318922,0.605240942613053
-0.508513510074689,-3.53118513500535,1.87478455031763,0.0648666830062322
0.871320904768368,-3.22282480330054,1.44511166325967,-0.0592975208731752
10.8134366643853,2.87522874400434,1.29428037349531,1.77892466952004
-7.02628808929096,-5.6156519666637,0.0292841220130702,-0.673877906603217
15.6161296663074,5.38758771149676,2.09566527262463,2.65340143500977
2.28625468456634,-1.39728570230963,2.91059034428149,-0.336146889837722
7.3054348233352,-2.03245409705833,2.23512205577465,0.896688207130302
-9.7004314174106,-8.96658795206207,1.77302741454832,-1.3408040040777
4.08649215710463,-2.00433160538328,1.51938167858438,1.03252843200627
14.2314999430882,4.32937340434112,2.04951648168091,2.29503669110705
14.3375009819842,3.10505135509592,3.31870204213797,1.40188841550799
0.981731801434961,-3.88039099500795,1.418706448533,0.165868025026208
-9.00980052396046,-8.2506471995108,1.10352291737962,-1.15643309246504
13.0029978326112,3.70573006960252,2.47083202124197,1.71943562250391
-6.38932714229015,-5.31386413390437,1.07005511887917,-0.871142651199646
2.64616018627038,-3.47794150359451,2.77682412184145,0.727591337680932
9.62379702598049,0.32535562742428,3.20704358592362,1.46665133721632
15.1857076041559,5.98791045855146,0.554984539847149,2.30563921382141
2.29539769413322,-1.57685129204648,2.32317624872764,-0.178181296696988
1.759691751206,-3.79698210288296,2.50118086270191,0.751392277606157
7.90276153738139,1.49686018167019,2.18865967547076,0.817603925960567
13.6136288023639,3.27204780563639,2.13285212028352,2.48825234874159
3.24020742493628,-1.5865448475851,2.2455316387034,0.170553225538799
14.9425904579066,5.9430032577389,1.50410844893444,2.06852475411879
27.2947663234768,12.5002853486822,1.94771055584192,3.44412727180583
15.0594280285426,4.38448110269463,1.75984076231676,2.29744444385232
19.7736905183097,7.20781871911053,-0.0677325461207969,3.57352643394195
1.39662803093352,-1.56804827865357,1.08448592869393,0.620163007741611
26.8752185933224,12.6176284783849,1.53131615051645,3.55289604265125
13.1916632688906,2.76760072610667,2.82162762225339,1.15674013874695
-4.52957773122618,-5.12086388923578,1.09079114792633,-0.452884446144065
15.0666974518533,4.76191658530062,2.59203281122927,1.68033885073317
9.59175041064238,1.59585877049546,2.70139137061427,1.23334725044225
9.96420209673848,2.21557540478444,1.56919627540035,1.62480248871344
5.12568713903305,-5.05046406955911,3.7333010938027,0.674776225488385
21.3750698159853,8.5427238614198,2.47950401397816,2.65769441506293
10.2070689513717,-0.844353127542957,1.61324900105078,1.99097190628971
15.685833186947,6.41578207171824,1.33152209005938,2.22096299152909
2.24122879644073,-3.5781246728231,2.20645190803131,0.742094793845346
4.73344027670367,-0.162240452645153,2.53067063277924,0.212466182061199
10.110076064224,2.34931115204892,2.42840457417799,1.5212465099472
4.96271520271501,-0.807062075513499,1.69202083232003,0.825427021530727
0.386812451472556,-2.78289820208454,2.28743160181968,-0.579477871314747
9.77095811335612,-0.4472816180178,1.67200587201328,2.54704991332894
8.93499316109736,1.2950766509907,2.19896874110165,1.35939110906217
4.2309459470857,-0.883502111425348,2.00557633132821,0.52122235989164
6.30062041136287,-1.77173316168533,1.76634230318378,1.65951164794621
16.9172116511472,6.32330784401819,0.919246691848503,3.11492682401347
0.73837401433419,-2.3791544080287,0.871307791557566,0.809579182599113
5.92045949548285,-2.66302861707118,2.01493024155037,0.75702375767404
6.83527293038751,-0.670467087690929,2.00189697262594,1.901812452725
9.00668437807263,-0.988508305157145,3.44677401350194,0.734884236476121
3.30556958538926,-1.04806479704181,2.39736210660092,0.151294585985301
10.9560184889782,2.36321847160524,0.307505550873663,2.43294642461565
3.62702274012027,0.0110011957614484,1.83976665924012,0.00687717267187127
4.26043291772468,-1.9802776402749,2.83967686613983,0.0174270123851286
-3.1746091009975,-7.51789535973058,1.28558492728994,0.283889566718722
5.7869604557404,-0.51845371742056,1.52875282759078,1.03812437531639
12.9930454659714,3.11049865164204,1.48835002202551,1.85233745952057
5.30545457697546,1.85681621141866,-0.111000948322741,0.929215679174791
7.06603809963873,-0.523521332413027,3.10651021175049,0.713366084206605
-2.34657792470148,-6.99137314809429,2.34380498617356,-0.180439306975679
19.8961246557964,6.41376052690154,2.00583238156092,3.37395882558813
12.624541774854,4.80942566998941,1.59657076177039,1.10533438284941
-12.4802661406779,-10.9851742548084,0.942229059307995,-1.18138329860712
6.22576595659859,0.907912098805984,1.45216822501327,1.18979313985268
-0.273889299797372,-3.37511390711423,2.03374952955434,0.315124186997305
11.3949440117488,0.0533995527929811,3.25729341248428,1.11273288858826
12.7946826461288,4.92251973074403,0.141055775071647,2.46655032674883
1.62604488357609,-2.76535935671702,1.47548467563922,-0.0978620915238544
14.9067959993094,2.82484705950085,1.97915236903354,2.1530103110641
2.35904536415475,0.924093909545682,0.849209927019613,0.173517878769737
9.3605090423463,0.26959035467366,2.49850495842317,1.21348271129679
17.2688026700741,4.1101910700073,2.2480059110719,3.67699117827445
7.37483989815827,-0.861842935593572,2.97996283346113,1.0472324889571
6.18700009052276,-2.2068661710264,2.33510707301611,0.858467227444379
-4.43999949904992,-8.92263144465718,2.4010124318604,-0.697909898677517
11.9438212918928,0.654617473072173,2.89397844132006,1.17014843058063
-12.0454010550246,-10.124201133691,1.63297394449274,-1.69226230690222
4.98150209602268,-2.16520560786607,2.79647554444272,-0.0504942967750865
15.3303240514754,5.33852395757961,2.13646983951358,2.28667679297992
9.72492464274705,1.2587229805647,1.61222675437128,1.56116940446226
-7.42504428398892,-8.43785698525595,2.46536029947608,-1.77899385450162
13.4093579371064,2.66400549928331,1.71941705559733,2.0519489707535
11.8328948298428,2.24611205222497,0.8187516519776,1.95655647966477
2.7156211404746,-3.16541708669205,2.89478853725789,-0.361488501433809
-3.71268343132888,-4.52376225659895,2.09044439307088,-0.506094792203858
4.46195054656566,-0.706227399842308,0.939245254378929,1.6191862321312
4.48536946496551,-0.966129965089303,2.67294816388771,-0.188079192203133
18.1722831319158,6.52730416249789,2.80452869627381,1.66558246174329
20.3595959346738,8.36661951415664,1.71624987136793,3.38769467621188
5.37019693992131,-1.52734313571117,3.53982826549607,-0.234105466390747
5.18561139127343,-2.85295048868208,2.15522334683393,0.876640898445896
-2.16110265313696,-3.8664417008749,1.91590022411813,-0.0528469855374003
4.993481885047,-1.26747498552002,1.66055256513706,0.972333299630655
13.9124132799552,3.47148104774796,3.42057050655972,1.46165290370684
1.09641321747476,-1.92356207279774,1.38495432803625,0.0968046362471759
2.63704381829366,-0.358643109247043,2.18924868927814,-0.174949593736068
11.4847195378925,2.82519016959652,1.71215145561439,1.2383312032209
-1.43140681132876,-4.81600025189554,2.76094449386888,-0.543463895253942
9.2211641741507,1.96539250195579,1.48077062772179,1.13642669613759
-1.14016934044399,-3.16198420984444,1.90608078936543,0.17836491456739
15.6912355918242,1.72387131693864,3.37589002793554,2.11569978910638
-4.11200487240095,-5.53429965438478,1.79114209330279,-0.385418446248272
2.97709784133657,0.895573858548006,0.393999282954035,0.796712724254915
-19.5165391732766,-11.7646679107734,-0.399951145323907,-2.29773048616375
-4.1876342829017,-4.53342000553036,-0.328575836949748,0.125981025129092
0.471859497003376,-2.5298676981874,1.59383640787346,0.505770861557002
7.65373651479559,3.23160681480775,0.574994221798896,1.21914726107063
-0.795049237730501,-3.98630302816772,2.94376836336652,-0.525200434186925
12.6379638279287,2.66842267022792,1.85595287492456,1.73410787190176
4.54167169470413,-0.509249468476208,1.80134883416272,1.05941027959326
15.7854517326623,3.71760962500446,3.1306820305215,2.29273957690262
-3.61902784175473,-6.38686543611634,3.01884036435583,-1.22136160822448
9.69464608441613,1.46082069496498,2.15900745720854,0.925414960793836
8.5708031158817,-1.25607559500426,2.73298373116636,1.19781032495418
5.3771367010617,-1.87736582207997,1.60674446076468,1.49334186868626
11.7582504588594,3.59177445745962,1.7429978619725,1.54425874656735
7.53834704904768,0.938360926819263,1.44192673747317,1.3864481310539
-3.37872910683424,-3.42564879695067,0.71693658877498,0.323145477778403
8.74321041414519,-0.218656053492452,1.79192094381907,1.86653617720922
7.13204211808687,0.463324910154924,2.35942943972194,0.728026205202395
19.0498778531649,6.46324658584845,3.14823496765062,2.15843515146453
8.07548822476526,0.898330721994993,1.46178621250965,1.15651070441297
36.8235746777714,16.1269286291815,2.42724231657305,5.40843182752054
-14.7124100800899,-11.4682710846606,1.15555840956875,-1.82546106229913
12.7673216695739,3.27687806577317,2.29815791323671,1.71100193327656
22.2073359272764,10.5341786484051,1.53488514396068,3.06061069500812
-13.3387485114858,-9.58438205057293,1.57743298475905,-2.27224970143843
1.45968208581326,-2.32616590824248,1.29924081251465,0.35909312527411
12.3893892158873,5.01410393871109,1.72879985143656,1.70496636318529
2.82917856850346,-3.66987704330606,2.3935195523474,0.20330177818395
9.65967790416502,4.13860408673173,1.12525025425035,1.41367413415781
2.72550376097438,-0.347059984252813,1.47676218945118,-0.167472522765271
18.8130845244884,8.13162806321811,1.69259993497444,2.1185116206217
14.0925308833671,2.32552355251403,2.76676205103799,1.6684816779377
18.9010480663503,3.80838024546102,3.21006687793594,2.80703080246379
4.58996153641863,-1.05840021222885,1.52176172519319,1.18894133546603
15.0586694158804,3.03114103353496,2.54173157904509,2.27794904995628
11.856026189947,3.44336915601686,1.90523177582393,1.32198592952137
9.40507556377837,1.93202140750452,1.56840873709486,1.40821879121179
4.92487038276785,0.471582060025804,2.28647998000919,0.422044780563986
9.95528559715209,2.6561897037239,1.94117553579965,1.03536756287622
21.9468840787821,8.98940033825176,2.72855109619037,2.42554647913919
10.1083844004698,3.05641585290073,2.02146268854032,1.76807355338832
8.70321724767419,-0.188137665965629,2.39591618276979,1.25740002607434
-1.17522731987291,-4.84869380734816,1.5226473648381,-0.466281179699771
2.85574211648595,-4.87365720939451,2.59912519032872,0.752033432223832
14.4656426618346,6.16317210320215,2.79593773049996,1.80261147228627
3.91349917973965,-2.13174799879422,2.06882382147781,0.735156314609568
1.50519739814743,-4.43083544487648,2.81471066637875,0.225009792476913
5.7189083686349,0.699188540955407,1.98579140496629,0.859495552292894
12.5414710261183,4.82179380391655,0.438990177866895,1.65630646798773
5.26648221292432,-1.91300038210876,2.16250150130908,0.589302818975758
-7.26788648913729,-7.4865947504927,1.80502051485179,-0.882534540568762
8.64900493503578,0.545778823653026,1.54218790222598,1.38041128504317
10.3359088932009,-0.695310193754023,2.06276969944988,1.68731588062184
-11.0678420737689,-7.89542750115901,1.71861312539413,-1.67429325567473
5.97206522241189,0.223782729445474,1.49361789668393,1.27492519499235
29.4810417670762,13.87858905224,2.06043753228684,3.85597111026414
2.63742049565056,-1.17195832445909,0.652536464338201,1.03916020643015
-1.45854546147614,-3.86917601961771,1.48274816567125,0.00132149654811764
6.52750967227069,0.992898480871959,0.916772879476611,1.27270830518338
-9.51872069737493,-8.477424348301,2.09439776579538,-1.41882244502682
-6.15787672747105,-6.30466591445137,1.81589706234872,-1.4141131083704
15.8483773689357,4.54209163958567,2.65590934070219,1.58458451051328
-4.04945312819534,-5.51705749071761,1.71820284460099,-1.13641941772431
8.32270247849516,-0.354235846185868,2.0681642983359,1.35218511705993
11.3005636744636,3.55262378581115,1.8445263987213,1.028436848189
14.6210160185078,1.56211234323133,3.17284829747998,1.82162428211211
11.599722360416,4.52841654942451,1.50515174165586,1.22418128945237
-8.02165806184638,-9.06064128382426,2.60475270646674,-1.66112489213223
-14.044772668325,-13.1897918366624,2.56412681334214,-1.47588917947841
7.30795407843508,-0.86630201411061,2.60857434998198,0.867211438374646
3.5225001887378,-0.180538547377411,2.2891682250093,0.184497594719105
16.3629852708499,5.5462839611059,1.83475876079074,1.97618008007404
14.0220602625099,3.90417926986901,2.33087932820352,1.74757929405286
0.360166675294995,-2.84546300332541,1.07303927629112,0.536035366609791
3.61772245089726,-1.8554933954227,2.4104195604652,0.598161556380805
1.92799935755313,-2.84004799461918,0.532713782551519,1.19489345755008
-4.10054536362547,-6.15444984515542,2.12422157844308,-0.649132515223712
-11.3599971195123,-9.36583862916009,1.95288745514871,-1.83792541221981
4.15552979099571,2.44131380086838,1.76872482484547,0.12575995036444
4.19858446894597,-0.302710374431899,2.15223614886639,0.273681332280964
20.1386277809419,8.0172280926117,2.23038601381468,3.16332447586773
-2.70333489419702,-5.1125491090869,2.37645187143353,-0.960627611540404
11.3713725433544,2.70259846270053,1.67902508008793,1.76370089272935
19.1224422071123,6.02121596871372,2.68163831251421,2.74008092269944
7.87408241554703,0.561144358513737,2.7182996070514,0.542151987706421
0.367061565067482,-2.05950002802739,1.83079591554795,-0.5380719687976
-17.8151378551328,-14.3127186620168,1.33812661367796,-1.23442993593545
7.11377477578676,0.603912724396751,1.78076869617851,1.58732252935627
11.6835892613161,1.47258183780332,2.67531330903852,1.28755580079024
-4.14276906915401,-7.4580825867457,2.58213109710413,-0.483451999211007
14.1907649496419,5.6737161536496,1.2314162953168,2.1088512419211
9.21624006014682,1.19635184121754,1.43941292445632,1.68821647686084
17.214101009215,4.22337665466964,2.31848307526462,2.62520404704853
0.68846636855201,-1.11181947408294,0.326736797442919,0.23003712878194
3.08435351893158,-0.751201261378446,1.9416454724279,0.36390288242291
4.1747790773926,-2.55394900294666,2.26463118185925,1.02192303235037
3.78538736524917,-3.76214267720035,2.06818897234354,1.54598865373085
14.843638932022,4.79463047598102,0.935594732702965,2.61117785601404
1.06468123453978,-3.19246889585206,1.35747687989619,0.197330088767445
-2.14056790246987,-4.87706206710499,1.37738018679412,-0.253599573085597
9.21434974333866,0.689650586220157,2.38097380812614,1.22278633488729
-14.50102158164,-11.7643342425301,1.73018469602515,-1.59536158760617
-7.33539044694775,-8.04736413217613,1.3135161136374,-0.898678727881106
19.9530162792889,6.27258821841628,3.22433346852745,2.4684377215782
1.85888191582239,1.22132051851076,0.96325744560696,-0.155074306663584
0.6929675789006,-3.91395629785323,2.12773144972051,0.282671259192026
19.2929742895954,7.51165294010788,1.48844774299713,2.99847303469639
-1.74211983272962,-6.59381082916867,2.43377361933531,-0.17041452023665
15.9221163256181,6.71224506599237,1.65731762734558,1.86627611891796
-2.82029079910945,-5.90332967992642,2.79707344544821,-0.316909637128816
-3.11225321803552,-4.43755431005485,1.61770105206551,-0.192494207664994
-1.25649728826525,-3.20838122453311,1.29437068943614,-0.0846439147102629
8.90681008254899,-0.646137822546006,2.67069964605614,1.42346327403366
5.03833525290834,-2.17971852761197,1.88048454620258,0.768310562642907
12.2734736080727,3.29533066027968,3.32190969018528,0.902923280435636
-5.61346113038272,-6.39677348055897,0.790013153577623,0.00922576881799375
15.9399918616047,3.49980493943549,2.14161371953506,2.56966056348779
-6.58404127993099,-6.19665870109859,1.35172244407675,-0.992784485542652
3.15300417534085,-2.30865144318897,2.31186811477208,0.0260454933876419
5.50955951534958,2.59808059621428,-0.111137225090278,1.25013775684743
-1.58262069098519,-5.58449131295762,1.95490170886133,-0.203002369652029
8.44613508091469,0.579923884364781,1.60021563748654,1.54288569664216
-1.2733495774839,-4.42658086927078,1.08114149366531,-0.0128838582025665
15.2721481298826,4.33344873886461,1.52525070191863,2.20813917459519
8.83009013428096,1.32298079490378,1.78535413274052,1.39186053969521
2.9622148818942,0.0961274410395232,2.32201420514668,-0.169142209833711
10.7954083475564,0.818089510732696,1.64932967779603,2.12084890168335
7.2776440247838,2.56065475716628,0.313750466105502,1.36459773472612
4.70119385238086,-3.226655359687,2.99200908836998,0.571954142309296
11.5286801935714,2.28176069018861,2.30468307314281,1.59581038164858
-3.04822202500465,-4.66837081296357,1.13762585734614,-0.0230260423926296
-16.5697023633753,-12.784905579186,2.01745437549496,-2.19342494526691
7.96087745447277,0.363885534669681,2.78311813294038,0.778502728370163
19.4912079976232,9.35869868761649,0.879808827095726,2.82719603539646
-0.127852084182,-4.07028043943196,1.80643039732593,-0.183191742637369
-6.16766706508282,-6.88024531210425,1.94723744586816,-1.19997835306105
11.8589544248755,2.24397336121059,2.40093181368362,1.91617219252051
-5.57405361674167,-6.32382033896366,1.59324282488326,-0.854705847756682
-10.6619383401753,-8.67767218977837,1.59565697250949,-1.78846874194152
16.1155663897073,5.23157076719024,2.4496358035043,2.37480461869726
8.79054789870865,0.692627859008127,1.46826109880769,1.62984414722701
0.977187072453675,-1.94249241447302,2.14047031035285,-0.301193959209566
-3.51849867408701,-7.39276075395612,2.4120234468527,0.228792709793806
12.8985401514774,4.65668113474623,0.44178691352291,2.16334577782303
20.7994613956319,7.61312187268849,1.76515575339301,2.70496079476728
10.7712010783002,2.59499130305745,1.85408648253063,1.70860641970359
13.8353021018962,3.61976781635835,2.55288980121393,2.31067044053187
3.4810201875849,-2.15821125065575,1.30208298402065,0.513914620580464
1.52368209909996,-2.50064320558876,1.69930622072458,0.034427268734982
14.3592716438721,5.52885162792772,3.18496774997509,1.42953540543305
5.03115251097456,-3.13559689596037,2.84563666797829,1.03290955133483
13.4526639883581,5.27588516866428,1.02512169784018,2.14525810709684
11.0973441237182,3.13807426936743,2.17403589506289,1.2201936102195
4.76056849333779,-1.73352031783196,2.56148962098423,0.6736540840063
8.4572867765427,1.08761685137603,1.93967399412564,1.08803489847021
-2.38873786281855,-4.33067630602074,0.72447972726433,0.237278579177669
-10.328750581455,-8.43146788234603,1.69919804486098,-2.10398206020016
16.1677672634391,5.12851568736743,2.24090691653766,2.62572806823072
6.15713169345071,-2.4488324570199,1.76796800516086,1.32125867781999
15.8441380141365,2.85518601395834,3.11205704646522,2.15205325995535
-1.67567544047696,-5.34917264163387,1.3166983972702,0.0824293367764447
3.08060227327163,-1.7563258517849,2.0015266850473,0.0709083699471257
22.9410600804722,9.35780421586162,3.09491627570987,2.94052331229579
-1.97027627349123,-3.94471234370724,1.6790651544521,-0.443247540989621
13.3066424742321,3.32305943095052,1.67363686685225,1.87371079070434
7.29133550420881,0.115996847011245,2.3750316795346,1.18127684729742
2.71085895168529,-1.20159260729691,0.19995596699044,0.893141262570112
-4.1562383209012,-4.92104120843627,0.771710399478702,-0.0963988679173471
16.2836243265107,4.57000807839165,2.54726667876388,2.30872928895852
13.3960183230082,3.85257309208308,1.63904252011762,2.57842321057762
9.57362821873389,1.80458672998387,1.87105639076542,0.920976010363905
-1.36439161298701,-4.64333602136724,0.83008864776835,0.323946904179269
10.4166307016057,0.774716250324431,2.39419678278081,1.4319829856054
-1.31349741892435,-6.43899446204206,1.85295265273514,0.066325055221202
6.2809046170599,2.56216767687171,1.47873420945909,0.585484927799498
9.97430615912754,-0.987016552094745,3.39360473327704,0.618074944509061
-3.16374750335157,-3.90448519459421,1.69712977546823,-0.812497695313605
-9.13778059929418,-10.6788464237332,1.81160654303236,-1.27621988087274
23.4511686341498,8.10099033581266,2.25291526992653,3.73805714859697
13.0145753977534,0.146623808107162,3.3557535037228,1.8557921840424
17.904291017121,3.40757097576989,3.12009601858556,2.33425230111314
12.1658712835358,2.78814210475346,2.60036710139061,1.14793346756023
4.11241740128706,0.0141219259864439,1.33366604721065,0.916347863452852
6.35278839025814,0.482097944857721,1.9118953803962,0.69981933733667
7.95945525144238,1.62247645974592,2.01003202448608,0.924737386461224
9.98539159993161,0.780311963067358,0.93587905807695,2.48113846640043
6.61912963098217,0.0878299460085674,1.22444717619246,1.41357683720891
-0.194423513311189,-2.16742286746094,0.836367160121253,-0.0342658304499663
-0.51419449448203,-4.36334283707753,1.29473634847939,0.394865572988492
13.9743938791859,4.81442329305544,1.60488317965712,2.10491364803785
6.8869033903239,-0.192057217869172,2.05207390907221,0.310055328457194
6.90516574065968,0.954594614938875,1.70296017981893,1.25471083662332
3.05665193557986,-3.13429063726036,2.30898196168438,0.782683936026146
0.362978904535698,-4.2966770919797,1.9606650849333,-0.193796883094843
-11.5778179921246,-9.39624721810672,0.604360917125813,-1.91762545197256
-6.5446226691498,-6.87520094480362,1.41947485091654,-0.66107547278451
7.73557092520073,1.79817118188853,0.706137995507236,1.05291405959094
-1.11987391814537,-3.97508338921798,1.83366870218174,-0.410378211829019
7.8916348738637,-0.657292651976728,1.95069016133882,1.21313005948387
-1.19960548088684,-4.26866507894256,0.843417402826778,0.298672450032679
4.23383446680837,-0.916236055832827,0.58277914690707,1.44774593198296
-5.04370666216761,-7.8790694169231,1.99356245906467,-0.499365281411035
18.6011414608831,5.23784867846679,2.64062264383328,2.39890622477423
6.84963727850026,-0.199323365530896,1.91337926636507,1.17780716334764
7.85553687636179,1.99575845754761,1.6585098685151,0.45903321539852
0.35687167540179,-3.58309949245045,1.34739693348255,0.151994789331312
8.19722309262725,1.74485098987169,1.53445457506172,1.41189920669357
18.6084432956339,7.44116731279171,1.77119953172163,2.77311667761309
12.869620693113,4.04957152323193,2.5693360228224,1.6709652496517
11.4279870588158,2.17015169668451,2.24484946225355,1.59063121251297
18.5477257378862,3.30881711260641,3.96768828564771,2.29713013932601
4.44515344045989,-1.16434663179462,1.8619252771137,0.644852767378951
23.7744887819196,8.40991668060334,2.50065691417264,2.95552228781578
8.17200912667473,0.334364122716914,2.22203172492178,1.35937871488069
10.3806111086426,-0.225914742473364,1.55381562432364,2.0342742632014
25.9845136951825,12.2001579239424,2.69207215574514,2.75464922162872
3.87682169170573,-2.91964362792242,1.30469471385416,1.16816101660481
2.63551848424898,-2.39661399895167,1.72918548322782,0.4593822346284
6.64871393888868,1.36174932378917,1.35675591698766,1.20309240803604
11.1299025243623,1.49414234775133,1.51129530519079,2.21086766754053
6.17556923253796,-0.790321648596937,2.61898234790429,0.503520608585503
4.73589247291011,-3.11001686407624,1.84321693929991,0.96342119458042
13.0917989129969,2.96221790417222,2.05458139449502,1.6491068936527
1.28977837533164,-1.69252955448679,1.33223258034308,0.179198695153109
-11.6957300336257,-11.4633185969664,2.4270388347339,-1.57577228240193
11.0145549026233,2.99916220318741,1.59577877498783,1.43226658873657
21.6491063332159,9.58257774262199,2.47179615665737,1.90434445803275
6.12043824673445,-2.15800088839868,1.68585388775127,0.956318503858949
16.211490514886,6.45413348106837,1.56178927431811,2.4252636314282
7.47397282925266,2.10821478288452,0.889714846270383,1.1610786274846
18.9328097792024,7.38755854814159,2.00866877064711,2.57577468801799
3.70036254666027,-0.820464323420291,2.10486995904458,0.740792449057474
-4.75984210140067,-4.16359897884828,1.15039939769201,-1.03715484851627
5.27526972357015,-0.199521856896904,2.63514726951725,0.378040642704679
17.5287648033488,4.94168998684076,1.90864535740605,2.99411414543354
17.7985106667227,4.33977706564446,2.70698099771768,2.66924208400969
13.4861170246867,-0.179397611154837,2.81584248089577,2.60739046599608
2.66054128297412,-0.0601186345048297,0.593513144273516,1.01586473560464
3.11342685328624,-1.20767664038501,1.63591977756174,0.31292171870933
-0.784633171782325,-2.99431474933723,0.0785322990537425,0.452318013573645
8.33907576919635,1.97305998317454,0.390720745450341,0.934920605749616
-11.3310996860547,-10.5723778757178,1.9157318644944,-1.44044764035719
8.01414371665806,-0.0250603442804587,2.72696922701215,1.39765413460799
7.00684840387218,1.51761326614005,1.17414740439207,0.861150322912055
3.62153030712213,-1.69248620224372,2.20672078500609,-0.0645771634779542
18.9261137858146,5.98752788939705,3.5930165433946,2.35287820837376
18.616644081623,6.87544111756684,0.143833954660581,3.76034245408072
10.0929463180796,2.41726543861299,2.37702215115294,1.25009551137746
13.9422021424328,4.46367474386634,1.20869963683542,2.33691764436603
-7.95706127277274,-9.11899339564902,2.01058294781744,-1.24201407665738
12.1255892564841,3.20992177635084,2.11387315779779,1.30635128095216
16.2098363657469,4.58785401569886,2.4586621975446,2.17251422345221
0.610810948895921,-2.13929851448588,2.24329367594266,-0.593664182172846
16.5148808117182,5.33044478609111,1.86431731124624,2.14842107674675
12.0873804114977,0.0148161041146697,3.29570886070153,1.6584847681344
9.61437121230458,1.71802355826642,0.926341202782246,2.13085816664763
-10.3546698132094,-11.7948888448978,3.57255412142215,-2.08665183342774
13.3137018525346,3.27446198727232,1.6292231049968,1.65581323480036
9.79060941238987,1.18213244464676,2.46615006438752,1.76749892238723
-0.12396864786557,-3.63879997486148,1.52345275566585,0.0529374191504339
11.3883088724078,0.817966026566056,2.93712108770306,1.60749996309508
18.0469322697795,4.53573318378591,1.78503406843965,3.01152473124766
-1.19548330413254,-6.25882108444255,2.19098706675783,-0.101197716582428
2.61841973550226,-0.637022581161884,1.85093909897586,-0.176212099702668
3.96035839341089,-0.126566335231637,2.81711257797107,-0.0125833960296879
17.587008176119,7.30933375568582,2.00743572789828,2.36885729487553
13.7939662944909,4.06079016073035,2.08627717334129,2.14826683720651
21.779909936791,9.94259317117736,1.02543984330008,3.34410399535964
13.2585457891542,2.39641961774585,1.61060667195237,2.2415595415561
17.5758126251009,6.29191502817734,2.22853283312863,2.78130975945321
17.0809915294328,4.05060914019781,3.97169149439329,1.64831663306506
2.45496011363088,-2.34407100489891,1.20753307519387,0.762563487441928
11.9694909605453,0.4232944235524,2.83658392852428,1.77290341464255
20.114200633594,5.26855890702709,2.79857894885422,2.77155667797295
14.5481084133826,1.74951150017967,2.36443557688136,2.91886664074733
-6.24613102048576,-8.36901967561348,2.29159884613008,-0.390170450150327
21.7231884180299,8.8398199507401,0.736057218493965,3.77247011446226
17.5039640075292,7.0903328602328,2.27032730864651,1.97404179300235
1.92521452942111,-6.60531026502105,3.21110587472287,0.882514457448198
21.9767509003016,10.0660506532961,1.72864431001991,3.25525471523302
24.8651144499451,8.47820070012331,1.9390754046209,3.91173217725606
6.73108113119449,-1.7572607892062,2.67038419446852,0.986514013125152
2.84631557873832,-3.68143992057694,2.31415701837208,-0.0508332387998311
18.3993508354969,8.90586593172323,-0.34229469073501,2.85501547689358
-11.7370304591471,-8.18307345262866,1.95450012498731,-2.41056418689889
-9.09655673065168,-10.2747914545655,1.83812477954647,-0.691534474744803
24.4080461325969,9.73373496665845,2.71914172531991,2.79797177419975
10.586940897563,-1.17889425491503,3.16661656226455,1.6300161027275
19.1348703265049,5.84649266001865,2.00726831954382,2.49888116107751
27.1379009314477,11.1112605422313,2.63585487304191,3.81310476046232
5.80557591687612,-2.29867068005414,3.04615373505633,0.4190423927578
-2.35751964312147,-5.84884486509432,3.46444305684937,-1.22761963212782
9.81159607020679,0.246382195078924,1.8452374447915,1.66957350604448
-0.831945611280887,-2.61886323992236,0.78536920257313,-0.098184537045988
9.71315723042131,2.29769325938513,2.77144507808848,1.02358127178733
3.16345435527985,0.981791409209034,0.33925206059441,0.656233583742645
-0.836591222816649,-3.78632377573678,0.535840749915121,0.631096248895537
9.58558300753777,0.86937690878876,2.98496346955259,1.40362211707956
-1.19650835963615,-5.80075400938514,1.94414595228021,0.153743051216782
12.4677234802162,1.25874132903222,3.01779777071217,1.52550420347027
6.7660191741984,0.0776440984111357,2.55109170440221,0.641926923067614
16.2237232106517,5.93166283901225,1.58972343683026,2.40151385883639
-1.96508572834403,-4.60929245413396,2.14956248854764,-0.862593751005157
5.71286750811801,-2.30521531321029,1.80615600827973,1.59891438599831
-1.29482037857318,-6.74062653039715,2.77635205489225,-0.523221481389602
2.80324590794729,-3.93624305321734,3.11416608349598,-0.0635315969820285
-0.507859572608046,-6.62936229311704,2.44995732326033,0.385560193896648
15.8988479140878,6.87342804009461,0.966465906604862,2.06757172504758
3.62364589577404,0.545845421572243,0.181185970967134,1.15714413613689
18.5090379577471,7.66658476144133,1.85578803010231,2.18749885635705
-9.77460843430326,-10.1882063361185,1.07235136384002,-0.519152998474906
7.2523979880917,-3.46337278630348,4.27706880865366,0.855663566378887
6.16072610090923,-0.47145713774404,1.95098541515826,0.753858032465627
7.14327795203048,0.202415888015236,2.72285611417336,0.445836856351977
1.12618924170581,-3.70709368834197,1.95243050210379,0.11523950131524
18.86384417598,6.98560556312269,1.74247753751816,2.45027609381113
-10.0100357915774,-6.02889896584117,1.39882454251221,-1.68165916895121
12.118463509971,4.58030247349834,0.332806426839101,2.09773039337701
4.69652012267707,1.71830338667269,1.94269019453243,-0.187118466222617
14.2331853513508,4.75096470750184,2.00183594084845,2.59762191608981
16.2743729719472,2.41250572849648,2.02122630168907,3.26390202651104
12.4577146634771,3.7476988077919,1.69297454650762,1.74353051036179
11.0351035788151,-0.288843044123847,3.12989520843591,1.54778382393639
21.4313286021897,8.59014338451248,0.996086202204676,3.68675725283047
7.24836023192944,0.357871994836023,1.43021293242782,1.55109011791758
-3.44366656646962,-4.8691865156873,2.08053403923746,-0.824092410861177
-3.83607853145166,-6.66728012257119,1.9038510803827,-0.379825703053449
18.240895096493,6.5837894739685,2.2789106962133,2.02830644647154
-8.92761765123692,-8.71110248564039,1.65165641854761,-1.00856384007468
7.43850591818499,-1.81926037701634,1.87111395886813,1.58644966188467
13.8408592149663,1.58071963259605,2.43210244809203,2.23615177219999
10.5101316033,1.2584068407142,2.12755195643498,1.70146819609756
6.56704643198954,1.72200221743301,2.17457197196095,0.235657973104228
23.243470683478,8.09197737919951,1.92594089065953,3.09586877298612
20.0500431979633,7.24859650722275,2.74670166844611,1.95854879569185
4.59225247802325,-1.08273085430582,1.57737147627474,0.502032082520786
4.7380823043034,-2.14837502010106,1.90182459153739,1.63597721043013
-2.7844527132531,-4.52571510763242,1.05491100699051,-0.16416667339035
8.76542011070385,0.314314644256093,2.80578870435829,0.779241434392114
-0.524684548061636,-4.58506387667145,0.621268816770715,0.873309788423494
1.09393358249434,-5.20564494062017,3.27804699388953,-0.576258119596452
5.43350196176274,0.698686136430744,2.10050130965811,0.542700592217106
9.9630324807388,1.59142492776435,3.11227909818886,1.08412751855538
18.3486852959964,3.52704370342033,2.04828924815373,3.38183276021793
-1.61171592252905,-8.04925796987952,2.06914639596201,0.482467623515153
22.7537975456507,7.09070908983326,2.83019322646584,3.14690930635632
11.3915688388027,2.08140616370149,1.86216607177525,1.84653955136997
24.4624635059652,9.39641526150961,3.06144934401023,2.86572191420878
-1.52837635140533,-4.50880136888264,2.03365926741683,-0.203846000827201
3.09248375536722,-3.15541268825194,2.93033297132348,-0.232441545666619
-9.63609621602734,-7.73803629588197,0.511431441727294,-0.730356475971869
0.0889514308232893,-6.2474757903025,2.78760561667758,-0.397362841220736
-0.793046081789219,-2.86294570530285,2.04522207204808,-0.522974194571202
-6.9862282754131,-8.78386416876336,2.82379147497359,-0.736686323649907
14.9848984801259,3.53499081338584,1.83197596755346,2.1828230580102
11.5071831431469,1.01725246091808,2.40091403607765,1.84879353079505
4.79884622893507,-1.20588422608702,3.01194845159196,-0.0669052835061905
0.254307129202135,-1.79255107447153,1.25709618396804,0.214514998599342
-5.88711567586348,-5.92676301002371,0.621840590890488,-0.63225529075541
13.8616087404497,3.0033327240379,2.11606682861787,1.95090013863669
3.33252693199968,-2.38746095475995,2.82297324994171,0.422300154671433
4.44360998639084,-2.75072762842013,2.60501234661113,0.474892889072607
5.98551000315716,-0.375640395242766,2.05918872933391,0.719708292058557
9.12595156973832,2.49663165816359,0.666316594480491,1.69478527429767
-2.2770991221109,-4.5380504230407,2.55710201777567,-0.417418398027552
2.20899301868512,-0.319787242118325,0.533373056071591,1.15162492241021
6.15862529858548,-1.32585291310269,2.2206195196819,0.862830506921783
8.7213927318453,0.0179604415461834,1.53207490248132,1.62460788883514
13.8462300692694,1.87364556056992,1.77565219044578,2.74416752552259
10.5024180320204,-0.34493834063554,1.82816691548493,2.4854899979551
3.06808771630356,-2.38383153835593,3.75665856880519,-0.112598239254611
12.8134557366108,4.47944528173107,1.55809151546166,1.94263323848243
8.67492879367591,1.2317276092552,0.867049932428803,2.01653476345503
7.96190168591056,1.3918601131333,1.48526306279609,1.12124055710118
5.39348292933139,-1.10325124134095,2.47269665892343,0.810266805399497
-4.90221752542036,-7.73814771158486,1.84977833706875,-0.759314709898804
12.5466486854173,3.21384673295167,1.36174690654755,1.88722227478921
-0.836984828861053,-3.08270244201631,1.60775016767919,-0.757726141048601
0.247214061569942,-2.56533262337474,1.58847885723783,0.122275268775774
14.2564195910591,3.89403921868267,1.57053088921228,2.14020525271877
19.7270897844931,6.60505836567802,1.9698651843517,2.98141886260321
7.52663955675182,-0.861498359301326,3.21090632648488,1.18186217730729
11.493922337792,2.75522343465853,2.18941315206541,1.59361477835012
6.39354704015442,1.5114475441864,1.27038883412524,0.708278373349081
21.5859641600182,7.68039899476209,2.27644211461204,3.31890595148105
7.28066186003657,-2.56582009059601,2.7766322866538,1.42004852411634
17.1349293653666,5.04560335680431,1.80458212708245,2.72067854103125
9.43013176041073,0.891710460755066,2.85685878259395,0.662803913124762
2.22910244587572,-4.87453425268703,3.0926855851093,0.226872252929759
18.1577783442098,5.80062849896522,2.33111368583301,2.56163169830924
10.3108350900793,-0.262179994760076,3.12007856357197,1.37170740887237
5.3730950927055,1.48424253035239,0.625867016863696,1.1927800778737
-1.04630488394528,-5.11066583990294,1.66979097153672,-0.0372242258585518
13.0713418755159,4.95902653557127,1.70160842593548,1.93928318775012
12.6585423705732,1.30529961985775,3.01311511050003,1.51350920913978
17.9687661174349,5.31356737685166,2.6671131614115,2.51012627813305
4.8636250108775,-2.16478372119706,3.26497793401966,0.130599767709059
1.09512727907704,-1.60983718124872,1.60961442691039,-0.00720122495951747
5.20106689276303,0.689091932411407,1.6309698718182,0.890349434687802
15.778292918731,7.05246313847237,2.16638273523241,1.53003984665753
15.2476003474564,5.95522890574297,2.10447761148224,2.31298484090209
2.62611734084697,-0.232824330275439,0.987985397688068,0.384171239082682
20.13491905317,7.59979025655556,2.46184882568136,2.42941044738088
4.50507455131229,1.83106324831429,0.959922797551023,0.4532712916065
16.1977764689382,3.80197524590792,1.42077926374402,3.10718457625861
-4.78865278267977,-5.70113461062869,1.6525039978606,-1.10154359302129
3.43571019096081,-3.60752222620344,2.09765912059232,0.586225808162036
5.68680713304722,2.61303541070949,1.41951463741645,0.481935785178001
7.22647001562341,-2.42118120380265,2.92534702791487,1.17688303145562
1.11740182698615,-2.04848946224903,0.495818935743749,0.749895073548562
3.67892163778946,-0.0188237610608138,0.611891269355011,1.08213281704708
9.28911420374665,0.61835363747378,2.07789788912784,1.48954606449739
-6.37649549273075,-9.10301355750081,2.07146518249349,-1.00599381828012
14.8061206811747,4.46969901375224,2.72457404825088,1.97977883230275
10.3611630270012,-0.56670988800777,2.45409221134991,1.61075080637304
3.2277419630682,-2.46058508167661,3.4220523441146,0.130313816126524
9.82533016063917,2.82808792402393,0.811419709396112,1.31167298273387
16.3167390186197,4.88686610849087,1.36686443144372,2.71678485792178
2.09166568057801,-0.922429586791347,1.31949168551588,0.342207993554541
12.3914232734603,1.88041251061468,2.90209520587837,1.82685839406215
1.4579756681247,-0.330533666498525,0.827820448038729,0.0880777089783221
-3.2896503095562,-4.48330959777892,1.66417262884275,-0.620102163381823
9.38040352565606,3.11026152183461,1.79604082071923,0.797826409195679
-6.80166411472988,-7.90760500226313,1.18430667004279,-0.572312823444126
15.7587723098816,3.3527138792918,2.69123660077216,2.05578260202898
-9.56662693419262,-7.98747299048101,2.24931512764707,-1.11706961613346
2.17218181421717,-3.36187903313634,2.09117059255371,0.436868286591314
10.4057964987692,2.03940480537982,1.54600083540467,1.63452287979264
10.4466245200179,2.85883204714504,1.18647372680901,2.04480257360119
10.9162710401412,3.61017939554216,1.42601955997155,1.15333624958178
2.53700113630976,-4.02893831256859,1.84336247405382,1.11173793213521
10.5221370160888,2.4738488574241,1.6344761897172,1.19224197817721
-4.8622046760524,-6.21795804020573,1.3787667249133,-0.593660170703157
4.18847120591187,-3.81877308901014,3.40124740124353,0.696407187125956
9.49527562360734,1.16450513887324,2.40238802864925,1.00102370368939
9.68870022589909,1.18995707694227,1.24260163555303,2.01924690228068
19.3820684934337,8.79896871070994,1.96017894869831,2.92326136494286
9.45581605527095,1.36120897191212,1.33959808213891,1.42874594609481
8.07876492218489,1.90813111676472,0.974467047901258,1.81619651342906
5.44800158751202,-3.22815171107777,2.97157590315053,0.881142297054766
22.5714319383601,6.79374483953117,2.05204211936713,3.60689184839889
7.05141909817657,1.68046379978827,0.0331700956445073,2.1498477947065
21.425446845045,9.40504006790395,1.48293666417947,3.26529662011647
17.4369756316532,5.42357907018036,2.55263325454083,2.6182648333317
9.93399852853475,2.94198606876576,2.02419517015544,0.613737170309642
8.97274822906447,0.370121852158569,0.518223953445363,2.19911271668417
-6.68534188099387,-9.22119563789715,1.55743664861334,-0.756627367747498
14.2885197207521,2.43938875441442,3.07893640346956,1.6457191980779
17.7668903077707,5.79575325222986,2.04840974072461,2.38121912656706
10.0879781941993,-0.226421319556581,2.71192056598431,1.56628846162668
26.4431050761417,13.5888064674009,-0.0536810679344009,4.27494157527473
2.22969786111099,-2.83082343933993,2.00186691229833,-0.214495798570609
1.59997713517138,-3.47662215121859,1.87235366990612,0.263541298395379
-2.97443112825927,-5.0683545377844,2.63615321173151,-0.73944803977886
10.5773766669282,3.88172402074407,0.840150462749008,1.90472710340015
6.21474274493489,-1.2238460966702,2.22825456983911,1.59035730981216
1.37784577923955,-1.22863604828061,2.14072531841552,-0.755254904235283
4.62974014047362,-2.04336883243589,1.51186514025329,0.873121782846024
7.09692295782634,-0.705202273063883,2.07367494714171,1.17842461454609
26.1602753958389,11.2925273447151,2.48893442743304,2.91242136491226
0.155540979068892,-2.6210553225075,2.13580971647903,-0.238686296791633
7.07823534088021,-0.565933822152728,1.91693477437155,1.1055324568776
17.4108424887709,5.60845201482468,1.79760286838477,2.7373676250799
-5.63388244923168,-7.04026414044471,1.8645427549314,-0.710718128129824
-1.42443080126069,-3.9174270876606,1.59306758638111,-0.439138972794682
2.93639962753352,-1.85484588970384,2.76583879532737,-0.934079702035335
11.8538207034204,5.14583830193462,0.960429225300351,1.60320150265567
4.46046184039182,-0.426777985280006,1.14491193697518,0.881748144761007
7.4501251609943,0.406937537354354,1.81628735347249,1.17376895470449
-0.774795700354142,-5.53921407365206,2.44661159109295,-0.251153888622003
-11.2706172160563,-8.06998758984693,2.13737714027464,-1.73628546888454
-8.47446491283996,-9.85166534911497,1.70503729122682,-0.914163289094482
7.13637965406106,0.900486726487921,2.18483224529108,0.81548023240787
3.18812086769126,-0.527246293292831,2.41988977255404,-0.0904557398163259
18.1027279938734,4.27956889746664,3.53005789348472,2.39884279934527
-5.1279575089324,-6.41386971357548,1.83240008863869,-0.847305742795888
13.558380424418,4.0175728375925,3.4040063089025,1.14898707764266
11.579986947911,3.81747006695926,2.59734340174098,0.669849451726253
13.8570974116172,0.656069671908193,2.05924173464932,2.85070685373531
14.5879092550242,2.07743845194309,2.759320080419,2.14398542325174
26.8585301027229,9.07008619691551,1.86618424607642,4.4517714879118
12.1967491490482,4.15303240594202,1.69476135645776,1.83771256726152
17.5828308212121,8.67747299502343,1.2248296035658,2.21216842353888
1.39906404797745,-3.34087757707196,1.89860279790174,0.530856908693177
1.69420226999577,-2.60050525794052,0.0685000258699306,1.0281908927619
9.35826989541173,1.23856411009659,2.36876619403072,1.06229760991281
11.4608676594958,2.28651726283106,1.88097490024088,2.10446096393172
3.48632112611421,-3.68378404732647,2.86575986999733,-0.215840415156188
6.82177977826233,0.778514594053788,1.76215907534683,0.876310444812978
-12.446725886382,-10.4428225631484,2.14370688808598,-1.69205463590916
-14.2073311146429,-10.3520768046105,1.12038446821475,-2.07943831980793
-3.55860413841618,-6.22150822936293,2.23450873556219,-0.962071719722903
-8.81283016090773,-8.07288407709247,1.83358286360558,-1.54770213422804
10.4032228137825,1.41966527274654,2.38568550351255,1.57423894178558
12.1552902225673,0.700705147898101,2.4777470274164,2.64368576562518
-7.2815209554254,-5.06373875039756,1.64776715267058,-1.80616815565259
3.62623414627504,-2.4897301842678,2.19462800377212,0.416512080476662
-2.05823051475094,-5.08785261726822,1.76263453180997,-0.476984009818664
3.83766880920623,-4.50873955184937,2.62278287352352,1.39454773899529
9.49800470742104,0.579953334410814,2.43873211816022,0.828742989582686
19.8850897026997,6.29111899634343,3.68622209939681,2.03056625173165
11.1628352797543,1.99578624729323,1.01345527783283,2.08118509100521
2.07151657052336,-2.56323833777524,1.3302498238168,0.458980952544129
3.3396964656092,-2.09521851067155,2.15233982101762,0.436467101091322
-5.47014419321415,-8.28204344376998,2.84161661185371,-0.996896190051447
8.24911801168994,1.81831912429586,1.39623321463138,1.32108423238384
24.6181462481882,9.14996498441454,2.52092643779653,3.34618611489972
0.959716949723026,-2.28189840853795,1.41560640537725,-0.0223066670212506
19.1279909387343,6.84319271222749,1.84476180265733,2.38572461139442
4.70049793916475,0.576599966796266,1.45830311862212,0.787578257533104
-3.34467540256645,-5.84184241899156,1.6649146562735,-0.0924247411943373
6.83594008861615,-1.49393368106912,1.84429891475196,1.59993877804573
-0.397082940405108,-6.63786303096789,2.20420570212697,0.147078511708858
3.91389160866946,-2.36799945175714,2.36091598268295,0.191305583450119
11.1656081841819,1.71166875607459,1.85570055508574,1.79834391866462
12.6990273766958,3.47801799769337,1.49713001054953,2.5163941461936
19.8486554050869,7.68414680099004,1.68962164498239,3.23113362489916
-11.8310494835101,-10.6815229567966,2.23334112872291,-1.94199457832358
-6.39671847694571,-6.84510754270974,2.30425681872898,-1.02679930379368
3.30366701595673,-2.19592474763502,1.31290715084275,0.587030386052366
2.78519280876449,-1.1833164051182,2.04655398952391,-0.317727479891376
13.4289857048004,2.98178447687315,2.27514503660309,2.17042417883845
14.4675153941744,4.26182709377419,2.29498416446589,2.1447225124104
2.66797398293633,-0.275030918368143,0.863961487912193,0.998485357912338
6.21598250507667,-0.11934827892633,2.23792397918864,0.47318189205917
-2.25710146750594,-3.53998948029821,0.301273686268128,0.0894316752021256
-9.00698976134051,-7.4821239809442,1.34544253792928,-0.835807990108516
17.0234387761815,6.9080300039808,1.04985875520051,2.53779571466445
-5.14692012842926,-5.0760279454112,0.228385943502157,-0.288719231960573
-3.03291754270306,-4.88182364601731,1.86199267392755,0.0649337928997855
1.84584043398997,-4.18288513927641,2.1144623313967,1.00378860787921
10.5282665781918,0.981514061510615,2.42084433235898,1.4169021101844
6.59572223934485,0.041053633333981,0.885433471701929,1.34100903294162
13.7853216072284,2.81108919180629,4.0651472916616,1.33610558640547
4.490163674079,-4.25814235433131,2.91140264094613,0.918108165025328
3.82478682440546,-0.770335457867822,2.19069984198356,0.369925408341145
-3.08241578442309,-5.49662549810938,1.8021823156552,-0.275731693700287
9.79778437436039,1.14289918095394,2.92063747657534,1.16511545499585
2.10907413146209,-3.34829867799942,1.95386786108503,0.794733845677851
14.7686563972322,2.66750556708488,2.69811223776759,2.34978541299878
24.3090612644245,7.8787554283167,2.03793856406367,4.07036108648829
3.70060834478674,-3.1365823186896,3.10109023700797,0.0688531654706617
23.1057415191976,7.96827149937991,1.567705562612,3.51022380809786
13.231016536659,2.92859360586781,2.11482132176898,1.2303414504257
9.8580391636982,0.718523554367975,1.78445711837239,1.87300471169253
-2.02724252174695,-2.42416342653461,0.827072975129556,-0.19727925363361
5.64005973915997,0.710925967864613,1.93817554091254,0.25960603849662
9.18182355536748,2.28879114652261,1.68611480992883,1.10870510921171
9.46670459856221,2.62870397875636,2.13800164451273,1.0164080379976
-1.69450742361972,-2.50201746776306,1.37409245861239,-0.130701824719491
8.43929085689243,0.879386031073415,1.8130369948002,1.74993859300173
26.5270251730025,10.4935630771249,1.27808578630272,4.5627318659189
11.2185047124805,2.71621417921051,0.985017830903086,2.60345444959743
0.764257010859493,-2.74686953372079,1.27026459395927,0.352135949525027
7.65846730006428,0.351722239035254,1.8857451213385,0.850263153550769
16.4830907562387,5.37072689985379,2.83204273784965,2.04630988445184
20.3509181676381,10.1412409911982,1.54533015212665,2.08765500019112
-13.986077954216,-11.608094193554,2.90768678815081,-2.3952834772496
14.5818073552217,2.93610197936063,2.64733707809051,1.44787658204171
9.54033990151641,4.27603443947764,0.463328057029778,1.39047803181049
-4.66250766776711,-6.00544659529562,1.96754253543036,-0.911283273824564
19.0299487451577,7.32428229712344,0.699904437215378,3.54495821012785
4.73377023280313,-0.354248913440311,1.95478185778005,0.718349950833646
15.5866796282618,6.19068137917205,1.67478329749108,1.98836506280482
23.6929430982898,8.24958963449025,3.09889881488425,3.08614555600591
-2.86027240051556,-5.33431836051644,2.31244470134398,-0.461258706672251
18.8778313774919,9.59281969165225,0.922225241033718,2.70808405083024
12.3015135527399,4.56720286124512,1.37651027771978,1.99625150344565
21.6221336434797,5.50444134205233,3.80238261513585,2.17981144283377
0.740657906996516,-4.79958357975998,2.34815527395708,0.440996294613141
7.69682805221898,-1.1214696116535,2.72529583661649,1.0337793124721
9.09774908013336,0.752917816601282,2.76809522385029,0.7439337275019
-0.415685176819745,-3.52733290809513,1.76428956120869,-0.246682625859122
-0.975133561366377,-5.77585956324959,1.72385717502099,0.633110238673166
3.56139943972706,-4.46611096153791,3.55478636382728,0.243684327515394
10.4412766159576,3.74794747978696,0.378048024409118,2.48961338824911
13.2816763443759,1.31993190888172,2.85619080697483,2.3464760985298
5.0589058445696,1.22891502912451,1.39625376495945,0.15071192120153
3.39318507015989,-3.17509753027404,2.39362588120365,0.100155427283936
1.03409041563906,-3.72472011704062,2.2869688390001,0.115961079535977
11.869948641337,1.51903435878336,1.46380237435969,1.7391650613494
7.75192478227969,0.837424353725281,2.39225481711152,0.99047273011387
12.7219270686806,1.43422464481376,1.86763532401329,1.18925337350219
-3.63865586545947,-4.0838526444184,1.6258140098175,-0.278676130805998
13.8139662175068,4.31297014894319,2.95647974074933,1.45379128397165
17.6201136488627,4.5030892852016,3.28589547622827,1.91656337287997
-13.746223544565,-9.45295726755432,0.101210749997799,-1.29080061058196
-12.1448290291695,-10.9898743591516,1.27460498264662,-1.48233887749156
2.02624212976111,-3.49342004688706,2.89509774338163,0.187372463012125
5.53938552004909,0.748185249894728,1.8595169994324,0.246660762005225
8.11833564195602,0.0228812816003525,1.66119212672444,1.24387587998919
5.44912700916433,0.506196607200096,2.00063257998564,0.317175851991763
6.18048216885549,0.354809931380355,1.57251561029445,1.34867368476523
9.93013230014981,1.01278176347141,2.31904710948967,1.31100427342036
11.5899926819048,3.93624030031621,2.07008363943893,1.87571065130271
23.3076024545472,6.74858807267557,1.79456797787714,4.03277732049142
14.0150481962272,4.03008212668983,2.42019894795874,1.63077115329258
-15.9498398008101,-11.5373561850072,1.87356488089832,-2.29021986265076
5.69131374065318,-1.17828184227522,2.58772699036083,0.530893335025573
0.238939452004588,-4.04203186030797,1.55616864723068,0.266674836593382
17.0940175848652,5.98879738579251,1.41240846479261,2.8117355804105
4.15262039342849,-0.620135542468279,2.6272709125365,0.230697423634455
3.85153455131494,-3.55225870227099,2.54533296608042,0.822731371040215
18.3748115285714,6.57863187474259,1.90415940832263,2.74076772258902
11.8261186888694,1.16264750021314,2.83433496773975,1.51346687627647
20.8166694653762,9.36158235712712,1.21264973967453,3.30497629181334
2.01483960058174,-3.84359181115664,1.60517334824611,0.67355215454002
16.9544620874961,3.96547135304314,2.62287194393114,2.04024295836165
8.40008818201573,4.20249292627712,-0.0658496686977372,1.57315464471129
-0.118488103606558,-2.94328856969321,1.39626886513485,0.0217546272213721
7.32647895881117,-2.57832362803226,3.45470814931548,0.293572036726663
-0.273682627520614,-2.09362674828024,1.45551260261324,-0.448753774626623
8.60154549299815,1.46329228059697,2.08636388008611,0.647289813670669
4.61325205566965,-1.90032109982622,1.77831305700623,1.12668672102285
-0.7061087937579,-5.37314684896599,1.0067660358599,0.828162404504748
-7.6345173495729,-9.18161753846602,2.9870563337458,-1.28040903508143
7.05888551365809,0.314338710379656,1.60563129691338,1.24414568330386
7.61243393530084,-1.71417241302448,2.97804743537316,0.688836715870089
30.5760379966064,9.77645605594263,2.92983547244253,3.96271199542751
11.2056456292323,1.00360490934459,2.78295222971663,1.24074205466151
11.3966320198837,3.43887151634175,0.541704243869957,2.34360542428475
9.37822300006675,0.758516963893405,1.92656259297855,1.89360597953693
17.9025221244363,5.27167501756699,2.78335306172796,2.40964486435953
-0.764441343429607,-3.39939264615135,2.56453459107148,-0.769569664318598
5.35282904838214,-1.02025974057982,2.03796604324563,0.63191763844088
17.0840041333405,7.34333380017239,2.14618387187906,2.41677328932664
0.540298084330709,-5.3101477096719,2.73142103565165,0.232899277253286
16.7970301033723,5.7006092577241,1.26695865638494,2.89273488077257
22.2018397820174,7.94372179021312,2.2327536940364,3.19575833659128
2.72808495929367,-0.649108756429932,1.2649340369618,-0.0828711553088655
0.422729881135376,-6.07616860811176,2.60023594899338,-0.0837944147878908
-1.13424815683037,-3.48272390029066,1.05056161628251,0.0880842308205465
4.15456166160596,-2.34382596849288,2.11460152914386,0.523175252120969
5.71825046181497,-1.65048589626088,2.55434350420308,0.33652642889319
11.0174532963339,3.8240918333972,2.45979811507937,1.12319550183936
21.3522762591155,7.73025624437383,2.20203994374245,2.53918944384424
15.1434441592472,5.01426305035263,1.83957491752009,2.29357567646445
21.1702404155756,9.5147716914625,2.63093196054069,2.44334721523404
19.5258526744731,8.05860148603384,0.205974542693463,3.60386594018839
11.4670400011135,2.94587385606361,1.8237817780946,1.98696739715931
14.4297719241258,3.36457462840004,2.67744374282846,1.62678275741549
0.256754731930548,-5.90819159390308,3.35988871542783,-0.291552890125641
15.0105930664165,3.62907870990784,2.29645111974081,2.38131762372084
12.7775966594969,2.50774698107578,2.46224632507473,1.74003319809193
-1.39477824646417,-4.15994650525274,1.15755134278171,0.271433842109279
-1.2601709692537,-1.32317588425712,1.21472512046481,-0.677497968827935
14.3259637682598,4.49804235269689,1.50941748722212,2.28359664137357
12.408148717558,2.41224911174153,1.41358120252243,2.11920742653212
5.50145988380345,-1.3424855258272,2.7488788637372,0.389288114109703
